{
  "uid" : "1aa7b926-ed84-45ea-b986-7cd98e10d8dd",
  "name" : "businessRulesClientId",
  "identifier" : "businessRulesClientId",
  "type" : "environment-variable",
  "visibility" : true,
  "activated" : true,
  "header" : {
    "type" : "simple",
    "typeValue" : "string",
    "typeName" : "string",
    "dimension" : 0
  },
  "buildHeader" : {
    "type" : "simple",
    "typeValue" : "string",
    "typeName" : "string",
    "dimension" : 0
  },
  "validity" : true,
  "access" : "default",
  "exportRelease" : "2110.51",
  "lastHeaderUpdateRelease" : "2110.51",
  "submittable" : true,
  "mode" : "managed"
}