{
  "uid" : "3e6ee811-3b5b-4160-816f-d85f0246e7b5",
  "name" : "folderToSearch",
  "identifier" : "folderToSearch",
  "type" : "environment-variable",
  "visibility" : true,
  "activated" : true,
  "header" : {
    "type" : "simple",
    "typeValue" : "string",
    "typeName" : "string",
    "dimension" : 0
  },
  "buildHeader" : {
    "type" : "simple",
    "typeValue" : "string",
    "typeName" : "string",
    "dimension" : 0
  },
  "validity" : true,
  "access" : "default",
  "exportRelease" : "2110.51",
  "lastHeaderUpdateRelease" : "2110.01",
  "submittable" : true,
  "mode" : "managed"
}