{
  "uid" : "c089cded-d683-410e-9c98-36c46ad36abe",
  "name" : "businessRulesOAuthUrl",
  "identifier" : "businessRulesOAuthUrl",
  "type" : "environment-variable",
  "visibility" : true,
  "activated" : true,
  "header" : {
    "type" : "simple",
    "typeValue" : "string",
    "typeName" : "string",
    "dimension" : 0
  },
  "buildHeader" : {
    "type" : "simple",
    "typeValue" : "string",
    "typeName" : "string",
    "dimension" : 0
  },
  "validity" : true,
  "access" : "default",
  "exportRelease" : "2110.51",
  "lastHeaderUpdateRelease" : "2110.51",
  "submittable" : true,
  "mode" : "managed"
}