{
  "uid" : "430a54b8-bfd9-4fe7-899f-0803172896c3",
  "name" : "tempFolderPath",
  "identifier" : "tempFolderPath",
  "type" : "environment-variable",
  "visibility" : true,
  "activated" : true,
  "header" : {
    "type" : "simple",
    "typeValue" : "string",
    "typeName" : "string",
    "dimension" : 0
  },
  "buildHeader" : {
    "type" : "simple",
    "typeValue" : "string",
    "typeName" : "string",
    "dimension" : 0
  },
  "validity" : true,
  "access" : "default",
  "exportRelease" : "2110.51",
  "lastHeaderUpdateRelease" : "2110.01",
  "submittable" : true,
  "mode" : "managed"
}