{
  "uid" : "e4224a16-097f-4472-8481-ea2f9f8a22be",
  "name" : "env",
  "description" : "JSON formatted environment variables",
  "identifier" : "env",
  "type" : "environment-variable",
  "visibility" : true,
  "activated" : true,
  "header" : {
    "type" : "simple",
    "typeValue" : "any",
    "typeName" : "any",
    "dimension" : 0
  },
  "buildHeader" : {
    "type" : "simple",
    "typeValue" : "any",
    "typeName" : "any",
    "dimension" : 0
  },
  "validity" : true,
  "access" : "default",
  "exportRelease" : "2110.51",
  "lastHeaderUpdateRelease" : "2110.51",
  "submittable" : true,
  "mode" : "managed"
}