{
  "uid" : "0324fe5f-3193-4938-8689-9129fa87cda4",
  "name" : "Automation",
  "identifier" : "automation",
  "type" : "automation",
  "visibility" : true,
  "activated" : true,
  "header" : {
    "inputs" : [ ],
    "outputs" : [ ],
    "maxDuration" : 600,
    "triggerable" : true,
    "hasAddJobSubAutomations" : false,
    "hasAlerts" : false,
    "scriptUids" : [ "41512bca-dbf7-40c2-aac5-4008c51b1de6", "fac9a12b-33d9-44a7-9a94-6a1d6a584d2c", "2aa76272-b957-4624-9845-41a609c25eaa", "28428b7d-0c43-47a8-9aa8-b0eb63880ca5", "54a95e11-6dfe-4c6f-8c6e-feeeb79c5985", "45ce540e-410e-403e-8491-e807931c4a64", "4f57fc6e-99d3-4935-b5b0-b9a213e49a52", "59ec6d69-0cfe-4ca0-9625-33b64e3adaff", "f7e531a9-14ac-4b4d-876f-0ffb20d589e3", "93f1a262-93b1-4534-a089-aa7f51a5c18d", "269272fe-f258-48f1-aeed-2cc87ce7c30e" ]
  },
  "buildHeader" : {
    "input" : {
      "$schema" : "http://json-schema.org/draft-07/schema#",
      "type" : "object",
      "properties" : { }
    },
    "output" : {
      "$schema" : "http://json-schema.org/draft-07/schema#",
      "type" : "object",
      "properties" : { }
    },
    "internalUid" : null,
    "triggerable" : true,
    "maxDuration" : 600
  },
  "validity" : true,
  "dependencies" : [ {
    "artifactUid" : "3d71a912-e5ca-3cab-9e96-cc170b200ba4",
    "artifactContainerUid" : "b4aeac81-725d-439f-a9f7-7e1aed8d96df",
    "packageUid" : "e5dadd38-93e2-423a-8126-69aecb04b92b",
    "packageAlias" : "irpa_outlook"
  }, {
    "artifactUid" : "4170745d-4d33-302c-85f9-0e8fec8da65c",
    "artifactContainerUid" : "b4aeac81-725d-439f-a9f7-7e1aed8d96df",
    "packageUid" : "e5dadd38-93e2-423a-8126-69aecb04b92b",
    "packageAlias" : "irpa_outlook"
  }, {
    "artifactUid" : "e4224a16-097f-4472-8481-ea2f9f8a22be",
    "artifactContainerUid" : "4a0adaff-2e1c-4ede-8be7-8adc723fd3d8"
  }, {
    "artifactUid" : "72ac3c04-38a6-3298-92bb-fe2ef0a27750",
    "artifactContainerUid" : "b4aeac81-725d-439f-a9f7-7e1aed8d96df",
    "packageUid" : "e5dadd38-93e2-423a-8126-69aecb04b92b",
    "packageAlias" : "irpa_outlook"
  }, {
    "artifactUid" : "aab5ad95-d8dd-3ea2-b24d-17c88b53b37c",
    "artifactContainerUid" : "c301971e-1aa6-4f9b-a603-583330a7a469",
    "packageUid" : "2dbcfd22-58ea-49a2-99d6-005f5bb902c3",
    "packageAlias" : "irpa_core"
  }, {
    "artifactUid" : "0910ad8f-837e-3a27-aa91-b0efb0dc8faf",
    "artifactContainerUid" : "b4aeac81-725d-439f-a9f7-7e1aed8d96df",
    "packageUid" : "e5dadd38-93e2-423a-8126-69aecb04b92b",
    "packageAlias" : "irpa_outlook"
  }, {
    "artifactUid" : "e525de9c-3a18-3f8f-9537-6f21082284de",
    "artifactContainerUid" : "d7eeaabc-00d7-4e4d-9567-efbf8fc679ed",
    "packageUid" : "2940834f-ef37-4ee1-9845-d6b8d370fdd6",
    "packageAlias" : "irpa_pdf"
  }, {
    "artifactUid" : "d7ffc3e7-6d06-375d-b9b0-733ca49014fb",
    "artifactContainerUid" : "d7eeaabc-00d7-4e4d-9567-efbf8fc679ed",
    "packageUid" : "2940834f-ef37-4ee1-9845-d6b8d370fdd6",
    "packageAlias" : "irpa_pdf"
  }, {
    "artifactUid" : "f2fee1f4-25ef-3451-a66b-11b328ea34f4",
    "artifactContainerUid" : "c301971e-1aa6-4f9b-a603-583330a7a469",
    "packageUid" : "2dbcfd22-58ea-49a2-99d6-005f5bb902c3",
    "packageAlias" : "irpa_core"
  }, {
    "artifactUid" : "08932019-52df-3d41-8347-421faed14de4",
    "artifactContainerUid" : "c301971e-1aa6-4f9b-a603-583330a7a469",
    "packageUid" : "2dbcfd22-58ea-49a2-99d6-005f5bb902c3",
    "packageAlias" : "irpa_core"
  }, {
    "artifactUid" : "155322c0-b410-3a63-9fa5-c32ccad0fa1c",
    "artifactContainerUid" : "c301971e-1aa6-4f9b-a603-583330a7a469",
    "packageUid" : "2dbcfd22-58ea-49a2-99d6-005f5bb902c3",
    "packageAlias" : "irpa_core"
  }, {
    "artifactUid" : "bbdcabaa-28e9-3393-8efd-644dec20f4f8",
    "artifactContainerUid" : "c301971e-1aa6-4f9b-a603-583330a7a469",
    "packageUid" : "2dbcfd22-58ea-49a2-99d6-005f5bb902c3",
    "packageAlias" : "irpa_core"
  }, {
    "artifactUid" : "9cab8902-34c3-37f9-a6bb-8e55279e5195",
    "artifactContainerUid" : "c301971e-1aa6-4f9b-a603-583330a7a469",
    "packageUid" : "2dbcfd22-58ea-49a2-99d6-005f5bb902c3",
    "packageAlias" : "irpa_core"
  } ],
  "access" : "default",
  "contents" : [ {
    "uid" : "be7fc67a-323b-4d85-afef-92804528021f",
    "name" : "269272fe-f258-48f1-aeed-2cc87ce7c30e",
    "mimeType" : "application/json",
    "size" : 4779,
    "lastUpdateRelease" : "2110.51"
  }, {
    "uid" : "29e2baa1-54a7-46fd-9745-12cb88f094e3",
    "name" : "28428b7d-0c43-47a8-9aa8-b0eb63880ca5",
    "mimeType" : "application/json",
    "size" : 3463,
    "lastUpdateRelease" : "2110.51"
  }, {
    "uid" : "6b236196-36b8-4eed-b1b6-ddd913e47c84",
    "name" : "2aa76272-b957-4624-9845-41a609c25eaa",
    "mimeType" : "application/json",
    "size" : 316,
    "lastUpdateRelease" : "2110.51"
  }, {
    "uid" : "1fb3bb4a-1ab3-4530-8e29-9c85a187d369",
    "name" : "41512bca-dbf7-40c2-aac5-4008c51b1de6",
    "mimeType" : "application/json",
    "size" : 936,
    "lastUpdateRelease" : "2110.51"
  }, {
    "uid" : "71570677-b8f1-4bb5-b514-1419bc6e6b0e",
    "name" : "45ce540e-410e-403e-8491-e807931c4a64",
    "mimeType" : "application/json",
    "size" : 639,
    "lastUpdateRelease" : "2110.51"
  }, {
    "uid" : "e551f3d0-27c2-4a70-81e6-db7670316838",
    "name" : "4f57fc6e-99d3-4935-b5b0-b9a213e49a52",
    "mimeType" : "application/json",
    "size" : 449,
    "lastUpdateRelease" : "2110.51"
  }, {
    "uid" : "5c914fd9-82de-48ec-9f8c-7e23dc3409ef",
    "name" : "54a95e11-6dfe-4c6f-8c6e-feeeb79c5985",
    "mimeType" : "application/json",
    "size" : 548,
    "lastUpdateRelease" : "2110.51"
  }, {
    "uid" : "ece0e96d-e109-4bf3-9814-d741eae9c9a3",
    "name" : "59ec6d69-0cfe-4ca0-9625-33b64e3adaff",
    "mimeType" : "application/json",
    "size" : 295,
    "lastUpdateRelease" : "2110.51"
  }, {
    "uid" : "5a9b6e72-4b90-49df-8847-88c5b5fc70be",
    "name" : "93f1a262-93b1-4534-a089-aa7f51a5c18d",
    "mimeType" : "application/json",
    "size" : 295,
    "lastUpdateRelease" : "2110.51"
  }, {
    "uid" : "bd852acf-84b2-4b58-80ce-0c49ee194076",
    "name" : "content",
    "mimeType" : "application/json",
    "size" : 189463,
    "lastUpdateRelease" : "2110.51"
  }, {
    "uid" : "07bed3bb-9211-4548-94c8-88b4a00bd4e8",
    "name" : "f7e531a9-14ac-4b4d-876f-0ffb20d589e3",
    "mimeType" : "application/json",
    "size" : 676,
    "lastUpdateRelease" : "2110.51"
  }, {
    "uid" : "28ded8e4-4901-4bfa-8daf-a93e0bcd8715",
    "name" : "fac9a12b-33d9-44a7-9a94-6a1d6a584d2c",
    "mimeType" : "application/json",
    "size" : 40,
    "lastUpdateRelease" : "2110.51"
  } ],
  "exportRelease" : "2110.51",
  "lastHeaderUpdateRelease" : "2110.01",
  "submittable" : true,
  "mode" : "managed"
}