{
  "uid" : "0324fe5f-3193-4938-8689-9129fa87cda4",
  "name" : "Automation",
  "identifier" : "automation",
  "type" : "automation",
  "visibility" : true,
  "activated" : true,
  "header" : {
    "inputs" : [ ],
    "outputs" : [ ],
    "maxDuration" : 600,
    "triggerable" : true,
    "hasAddJobSubAutomations" : false,
    "hasAlerts" : false,
    "scriptUids" : [ "41512bca-dbf7-40c2-aac5-4008c51b1de6", "fac9a12b-33d9-44a7-9a94-6a1d6a584d2c", "2aa76272-b957-4624-9845-41a609c25eaa", "28428b7d-0c43-47a8-9aa8-b0eb63880ca5", "54a95e11-6dfe-4c6f-8c6e-feeeb79c5985", "45ce540e-410e-403e-8491-e807931c4a64", "4f57fc6e-99d3-4935-b5b0-b9a213e49a52", "f7e531a9-14ac-4b4d-876f-0ffb20d589e3", "93f1a262-93b1-4534-a089-aa7f51a5c18d", "269272fe-f258-48f1-aeed-2cc87ce7c30e" ]
  },
  "buildHeader" : {
    "input" : {
      "$schema" : "http://json-schema.org/draft-07/schema#",
      "type" : "object",
      "properties" : { }
    },
    "output" : {
      "$schema" : "http://json-schema.org/draft-07/schema#",
      "type" : "object",
      "properties" : { }
    },
    "internalUid" : null,
    "triggerable" : true,
    "maxDuration" : 600
  },
  "validity" : true,
  "dependencies" : [ {
    "artifactUid" : "3d71a912-e5ca-3cab-9e96-cc170b200ba4",
    "artifactContainerUid" : "b4aeac81-725d-439f-a9f7-7e1aed8d96df",
    "packageUid" : "e5dadd38-93e2-423a-8126-69aecb04b92b",
    "packageAlias" : "irpa_outlook"
  }, {
    "artifactUid" : "4170745d-4d33-302c-85f9-0e8fec8da65c",
    "artifactContainerUid" : "b4aeac81-725d-439f-a9f7-7e1aed8d96df",
    "packageUid" : "e5dadd38-93e2-423a-8126-69aecb04b92b",
    "packageAlias" : "irpa_outlook"
  }, {
    "artifactUid" : "3e6ee811-3b5b-4160-816f-d85f0246e7b5",
    "artifactContainerUid" : "34438acb-d2f4-43b5-8f6b-34c4697b4415"
  }, {
    "artifactUid" : "72ac3c04-38a6-3298-92bb-fe2ef0a27750",
    "artifactContainerUid" : "b4aeac81-725d-439f-a9f7-7e1aed8d96df",
    "packageUid" : "e5dadd38-93e2-423a-8126-69aecb04b92b",
    "packageAlias" : "irpa_outlook"
  }, {
    "artifactUid" : "aab5ad95-d8dd-3ea2-b24d-17c88b53b37c",
    "artifactContainerUid" : "c301971e-1aa6-4f9b-a603-583330a7a469",
    "packageUid" : "2dbcfd22-58ea-49a2-99d6-005f5bb902c3",
    "packageAlias" : "irpa_core"
  }, {
    "artifactUid" : "430a54b8-bfd9-4fe7-899f-0803172896c3",
    "artifactContainerUid" : "34438acb-d2f4-43b5-8f6b-34c4697b4415"
  }, {
    "artifactUid" : "e525de9c-3a18-3f8f-9537-6f21082284de",
    "artifactContainerUid" : "d7eeaabc-00d7-4e4d-9567-efbf8fc679ed",
    "packageUid" : "2940834f-ef37-4ee1-9845-d6b8d370fdd6",
    "packageAlias" : "irpa_pdf"
  }, {
    "artifactUid" : "d7ffc3e7-6d06-375d-b9b0-733ca49014fb",
    "artifactContainerUid" : "d7eeaabc-00d7-4e4d-9567-efbf8fc679ed",
    "packageUid" : "2940834f-ef37-4ee1-9845-d6b8d370fdd6",
    "packageAlias" : "irpa_pdf"
  }, {
    "artifactUid" : "f2fee1f4-25ef-3451-a66b-11b328ea34f4",
    "artifactContainerUid" : "c301971e-1aa6-4f9b-a603-583330a7a469",
    "packageUid" : "2dbcfd22-58ea-49a2-99d6-005f5bb902c3",
    "packageAlias" : "irpa_core"
  }, {
    "artifactUid" : "08932019-52df-3d41-8347-421faed14de4",
    "artifactContainerUid" : "c301971e-1aa6-4f9b-a603-583330a7a469",
    "packageUid" : "2dbcfd22-58ea-49a2-99d6-005f5bb902c3",
    "packageAlias" : "irpa_core"
  }, {
    "artifactUid" : "155322c0-b410-3a63-9fa5-c32ccad0fa1c",
    "artifactContainerUid" : "c301971e-1aa6-4f9b-a603-583330a7a469",
    "packageUid" : "2dbcfd22-58ea-49a2-99d6-005f5bb902c3",
    "packageAlias" : "irpa_core"
  }, {
    "artifactUid" : "1aa7b926-ed84-45ea-b986-7cd98e10d8dd",
    "artifactContainerUid" : "34438acb-d2f4-43b5-8f6b-34c4697b4415"
  }, {
    "artifactUid" : "ad198e87-5aa3-4836-94ae-53bd7295cd88",
    "artifactContainerUid" : "34438acb-d2f4-43b5-8f6b-34c4697b4415"
  }, {
    "artifactUid" : "c089cded-d683-410e-9c98-36c46ad36abe",
    "artifactContainerUid" : "34438acb-d2f4-43b5-8f6b-34c4697b4415"
  }, {
    "artifactUid" : "bbdcabaa-28e9-3393-8efd-644dec20f4f8",
    "artifactContainerUid" : "c301971e-1aa6-4f9b-a603-583330a7a469",
    "packageUid" : "2dbcfd22-58ea-49a2-99d6-005f5bb902c3",
    "packageAlias" : "irpa_core"
  }, {
    "artifactUid" : "aca3581a-e304-4a02-9eae-961c34310ca0",
    "artifactContainerUid" : "34438acb-d2f4-43b5-8f6b-34c4697b4415"
  }, {
    "artifactUid" : "55004d3f-f0fc-4f49-9fd4-1eeda1e80090",
    "artifactContainerUid" : "34438acb-d2f4-43b5-8f6b-34c4697b4415"
  }, {
    "artifactUid" : "3d411a15-1ae4-4892-a495-d07535724787",
    "artifactContainerUid" : "34438acb-d2f4-43b5-8f6b-34c4697b4415"
  }, {
    "artifactUid" : "0a692cca-c742-4249-b274-f05b8785dcb8",
    "artifactContainerUid" : "34438acb-d2f4-43b5-8f6b-34c4697b4415"
  }, {
    "artifactUid" : "6aa62f0c-8b4c-4ba4-a4e5-87c5182ea506",
    "artifactContainerUid" : "34438acb-d2f4-43b5-8f6b-34c4697b4415"
  }, {
    "artifactUid" : "9cab8902-34c3-37f9-a6bb-8e55279e5195",
    "artifactContainerUid" : "c301971e-1aa6-4f9b-a603-583330a7a469",
    "packageUid" : "2dbcfd22-58ea-49a2-99d6-005f5bb902c3",
    "packageAlias" : "irpa_core"
  } ],
  "access" : "default",
  "contents" : [ {
    "uid" : "384a6613-aed4-4a5a-bc51-e8bdb8e5cc14",
    "name" : "fac9a12b-33d9-44a7-9a94-6a1d6a584d2c",
    "mimeType" : "application/json",
    "size" : 40,
    "lastUpdateRelease" : "2110.51"
  }, {
    "uid" : "14ff70ec-8271-4300-902c-fe00be087959",
    "name" : "content",
    "mimeType" : "application/json",
    "size" : 125095,
    "lastUpdateRelease" : "2110.51"
  }, {
    "uid" : "537ab6f4-9cd4-4105-8f7d-d21d7d6d424d",
    "name" : "41512bca-dbf7-40c2-aac5-4008c51b1de6",
    "mimeType" : "application/json",
    "size" : 936,
    "lastUpdateRelease" : "2110.51"
  }, {
    "uid" : "c6ace699-4c24-43cb-890e-a0a6c5b61779",
    "name" : "2aa76272-b957-4624-9845-41a609c25eaa",
    "mimeType" : "application/json",
    "size" : 316,
    "lastUpdateRelease" : "2110.51"
  }, {
    "uid" : "8d5d0eb5-ca01-4440-a684-b5bcded299a5",
    "name" : "28428b7d-0c43-47a8-9aa8-b0eb63880ca5",
    "mimeType" : "application/json",
    "size" : 3463,
    "lastUpdateRelease" : "2110.51"
  }, {
    "uid" : "f7305b08-0aee-4d20-9123-f5641ab90a36",
    "name" : "54a95e11-6dfe-4c6f-8c6e-feeeb79c5985",
    "mimeType" : "application/json",
    "size" : 560,
    "lastUpdateRelease" : "2110.51"
  }, {
    "uid" : "271af714-e61e-47ee-82c0-6ac40a5b912d",
    "name" : "45ce540e-410e-403e-8491-e807931c4a64",
    "mimeType" : "application/json",
    "size" : 662,
    "lastUpdateRelease" : "2110.51"
  }, {
    "uid" : "f15b6924-e139-48e6-abf0-a707d4e3b438",
    "name" : "4f57fc6e-99d3-4935-b5b0-b9a213e49a52",
    "mimeType" : "application/json",
    "size" : 485,
    "lastUpdateRelease" : "2110.51"
  }, {
    "uid" : "a35d8ee9-11ca-4e37-a3e0-f9a9bbc8d727",
    "name" : "f7e531a9-14ac-4b4d-876f-0ffb20d589e3",
    "mimeType" : "application/json",
    "size" : 706,
    "lastUpdateRelease" : "2110.51"
  }, {
    "uid" : "7c6aa6ed-d734-46b1-b075-f85cad818ecc",
    "name" : "93f1a262-93b1-4534-a089-aa7f51a5c18d",
    "mimeType" : "application/json",
    "size" : 295,
    "lastUpdateRelease" : "2110.51"
  }, {
    "uid" : "6288eb90-5f1c-4048-8f49-45352963d312",
    "name" : "269272fe-f258-48f1-aeed-2cc87ce7c30e",
    "mimeType" : "application/json",
    "size" : 4815,
    "lastUpdateRelease" : "2110.51"
  } ],
  "exportRelease" : "2110.51",
  "lastHeaderUpdateRelease" : "2110.01",
  "submittable" : true,
  "mode" : "managed"
}