{
  "uid" : "ad198e87-5aa3-4836-94ae-53bd7295cd88",
  "name" : "businessRulesSecret",
  "identifier" : "businessRulesSecret",
  "type" : "environment-variable",
  "visibility" : true,
  "activated" : true,
  "header" : {
    "type" : "simple",
    "typeValue" : "password",
    "typeName" : "password",
    "dimension" : 0
  },
  "buildHeader" : {
    "type" : "simple",
    "typeValue" : "password",
    "typeName" : "password",
    "dimension" : 0
  },
  "validity" : true,
  "access" : "default",
  "exportRelease" : "2110.51",
  "lastHeaderUpdateRelease" : "2110.51",
  "submittable" : true,
  "mode" : "managed"
}