{
  "uid" : "55004d3f-f0fc-4f49-9fd4-1eeda1e80090",
  "name" : "businessRulesId",
  "identifier" : "businessRulesId",
  "type" : "environment-variable",
  "visibility" : true,
  "activated" : true,
  "header" : {
    "type" : "simple",
    "typeValue" : "string",
    "typeName" : "string",
    "dimension" : 0
  },
  "buildHeader" : {
    "type" : "simple",
    "typeValue" : "string",
    "typeName" : "string",
    "dimension" : 0
  },
  "validity" : true,
  "access" : "default",
  "exportRelease" : "2110.51",
  "lastHeaderUpdateRelease" : "2110.51",
  "submittable" : true,
  "mode" : "managed"
}