{
  "uid" : "0a692cca-c742-4249-b274-f05b8785dcb8",
  "name" : "workflowSecret",
  "identifier" : "workflowSecret",
  "type" : "environment-variable",
  "visibility" : true,
  "activated" : true,
  "header" : {
    "type" : "simple",
    "typeValue" : "string",
    "typeName" : "string",
    "dimension" : 0
  },
  "buildHeader" : {
    "type" : "simple",
    "typeValue" : "string",
    "typeName" : "string",
    "dimension" : 0
  },
  "validity" : true,
  "access" : "default",
  "exportRelease" : "2110.51",
  "lastHeaderUpdateRelease" : "2110.51",
  "submittable" : true,
  "mode" : "managed"
}