{
  "uid" : "d8797a86-414a-4df4-9349-4d28ce06a31a",
  "name" : "My Project Pane",
  "identifier" : "projectpane0",
  "type" : "projectpane",
  "visibility" : true,
  "activated" : true,
  "validity" : true,
  "dependencies" : [ {
    "artifactUid" : "0324fe5f-3193-4938-8689-9129fa87cda4",
    "artifactContainerUid" : "4a0adaff-2e1c-4ede-8be7-8adc723fd3d8"
  } ],
  "access" : "default",
  "contents" : [ {
    "uid" : "5e743821-19a1-450e-8ae0-e4f1c06e32bb",
    "name" : "content",
    "mimeType" : "application/json",
    "size" : 181,
    "lastUpdateRelease" : "2110.51"
  } ],
  "exportRelease" : "2110.51",
  "lastHeaderUpdateRelease" : "2110.51",
  "submittable" : true,
  "mode" : "managed"
}